<?xml version="1.0"?>
<skin version="1.0" name="custom_skin" author="Bourne">

	<settings>
		<setting name='backgroundcolor' value='transparent'/>
		<setting name="fontsize" value="10" />
	</settings>

	<config>
	   <controlbar>bottom</controlbar>
	</config>

	<components>
		<component name="controlbar">
			<settings>
				<setting name="position" value="bottom" />
				<setting name="idlehide" value="false" />
				<setting name="margin" value="0" />
				<setting name="fontsize" value="11" />
				<setting name="fontcolor" value="0x000000" />
				<setting name='backgroundcolor' value='transparent' />
			</settings>

			<layout>
				   <group position='left'>

					  <button name='play' />

					  <divider />

					  <button name='fullscreen' />

					  <divider />

					  <text name='duration' />

					</group>

					<group position='center'>

					  <slider name='time' />

				   </group>

				   <group position='right'>

				   	  <text name='elapsed' />

					  <divider />

					  <button name="mute" />

					  <slider name='volume' />

				   </group>
			</layout>

			<elements>

				<element name="background" src="background.png" />
				<element name="capLeft" src="capLeft.png" />
				<element name="capRight" src="capRight.png" />
				<element name="divider" src="divider.png" />

				<element name="playButton" src="playButton.png" />
				<element name="pauseButton" src="pauseButton.png" />

				<element name="timeSliderCapLeft" src="timeSliderCapLeft.png" />
				<element name="timeSliderRail" src="timeSliderRail.png" />
				<element name="timeSliderBuffer" src="timeSliderBuffer.png" />
				<element name="timeSliderProgress" src="timeSliderProgress.png" />
				<element name="timeSliderThumb" src="timeSliderThumb.png" />
				<element name="timeSliderCapRight" src="timeSliderCapRight.png" />

				<element name="fullscreenButton" src="fullscreenButton.png" />
				<element name="normalscreenButton" src="normalscreenButton.png" />

				<element name='muteButton' src='muteButton.png' />
				<element name='unmuteButton' src='unmuteButton.png' />

				<element name="volumeSliderRail" src="volumeSliderRail.png" />
				<element name="volumeSliderProgress" src="volumeSliderProgress.png" />

			</elements>

		</component>


	<component name="display">
			<settings>
				<setting name="bufferinterval" value="100" />
				<setting name="bufferrotation" value="90" />
			</settings>
			<elements>
				<element name="background" src="blnk.png" />
				<element name="playIcon" src="playIcon.png" />
				<element name="muteIcon" src="blnk.png" />
				<element name="errorIcon" src="blnk.png" />
				<element name="bufferIcon" src="bufferIcon.png" />
			</elements>
		</component>

		<component name="dock">
			<settings>
				<setting name="fontcolor" value="0xFFFFFF" />
			</settings>
			<elements>
				<element name="button" src="blnk.png" />
			</elements>
		</component>

		<component name="playlist">
			<settings>
				<setting name="fontcolor" value="0xEEEEEE" />
				<setting name="overcolor" value="0xFFFFFF" />
				<setting name="activecolor" value="0xFFFFFF" />
				<setting name="backgroundcolor" value="transparent" />
			</settings>
			<elements>
				<element name="item" src="blnk.png" />
				<element name="itemOver" src="blnk.png" />
				<element name="sliderCapBottom" src="blnk.png" />
				<element name="sliderCapTop" src="blnk.png" />
				<element name="sliderRail" src="blnk.png" />
				<element name="sliderThumb" src="blnk.png" />
			</elements>
		</component>

	</components>

</skin>